Tournament_Season,Round,Match_ID
tournament_17_season_76986,1,14025013
tournament_17_season_76986,1,14025016
tournament_17_season_76986,1,14025020
tournament_17_season_76986,1,14025038
tournament_17_season_76986,1,14025047
tournament_17_season_76986,1,14025050
tournament_17_season_76986,1,14025053
tournament_17_season_76986,1,14025028
tournament_17_season_76986,1,14025056
tournament_17_season_76986,1,14025059
tournament_17_season_76986,2,14025088
tournament_17_season_76986,2,14025083
tournament_17_season_76986,2,14025062
tournament_17_season_76986,2,14025068
tournament_17_season_76986,2,14025071
tournament_17_season_76986,2,14025065
tournament_17_season_76986,2,14025074
tournament_17_season_76986,2,14025077
tournament_17_season_76986,2,14025080
tournament_17_season_76986,2,14147154
tournament_17_season_76986,3,14025097
tournament_17_season_76986,3,14025106
tournament_17_season_76986,3,14025112
tournament_17_season_76986,3,14025115
tournament_17_season_76986,3,14025118
tournament_17_season_76986,3,14025100
tournament_17_season_76986,3,14025094
tournament_17_season_76986,3,14025109
tournament_17_season_76986,3,14025103
tournament_17_season_76986,3,14025091
tournament_17_season_76986,4,14025124
tournament_17_season_76986,4,14025121
tournament_17_season_76986,4,14025133
tournament_17_season_76986,4,14025136
tournament_17_season_76986,4,14025139
tournament_17_season_76986,4,14025145
tournament_17_season_76986,4,14025148
tournament_17_season_76986,4,14025127
tournament_17_season_76986,4,14025130
tournament_17_season_76986,4,14025142
tournament_17_season_76986,5,14025166
tournament_17_season_76986,5,14025151
tournament_17_season_76986,5,14025157
tournament_17_season_76986,5,14025160
tournament_17_season_76986,5,14025175
tournament_17_season_76986,5,14025178
tournament_17_season_76986,5,14025169
tournament_17_season_76986,5,14025163
tournament_17_season_76986,5,14025172
tournament_17_season_76986,5,14025154
tournament_17_season_76986,6,14025184
tournament_17_season_76986,6,14025181
tournament_17_season_76986,6,14025187
tournament_17_season_76986,6,14025190
tournament_17_season_76986,6,14025193
tournament_17_season_76986,6,14025196
tournament_17_season_76986,6,14025199
tournament_17_season_76986,6,14025205
tournament_17_season_76986,6,14025208
tournament_17_season_76986,6,14025202
tournament_17_season_76986,6,14311407
tournament_17_season_76986,7,14025211
tournament_17_season_76986,7,14025225
tournament_17_season_76986,7,14025214
tournament_17_season_76986,7,14025223
tournament_17_season_76986,7,14025227
tournament_17_season_76986,7,14025221
tournament_17_season_76986,7,14025217
tournament_17_season_76986,7,14025229
tournament_17_season_76986,7,14025231
tournament_17_season_76986,7,14025219
tournament_17_season_76986,8,14025245
tournament_17_season_76986,8,14025233
tournament_17_season_76986,8,14025235
tournament_17_season_76986,8,14025237
tournament_17_season_76986,8,14025243
tournament_17_season_76986,8,14025247
tournament_17_season_76986,8,14025251
tournament_17_season_76986,8,14025239
tournament_17_season_76986,8,14025249
tournament_17_season_76986,8,14025241
tournament_17_season_76986,8,14504827
tournament_17_season_76986,9,14025265
tournament_17_season_76986,9,14025259
tournament_17_season_76986,9,14025255
tournament_17_season_76986,9,14025261
tournament_17_season_76986,9,14025269
tournament_17_season_76986,9,14025267
tournament_17_season_76986,9,14025257
tournament_17_season_76986,9,14025253
tournament_17_season_76986,9,14025271
tournament_17_season_76986,9,14025263
tournament_17_season_76986,10,14025273
tournament_17_season_76986,10,14025275
tournament_17_season_76986,10,14025277
tournament_17_season_76986,10,14025279
tournament_17_season_76986,10,14025281
tournament_17_season_76986,10,14025283
tournament_17_season_76986,10,14025285
tournament_17_season_76986,10,14025287
tournament_17_season_76986,10,14025289
tournament_17_season_76986,10,14025291
tournament_17_season_76986,11,14025014
tournament_17_season_76986,11,14025017
tournament_17_season_76986,11,14025023
tournament_17_season_76986,11,14025033
tournament_17_season_76986,11,14025043
tournament_17_season_76986,11,14025048
tournament_17_season_76986,11,14025051
tournament_17_season_76986,11,14025054
tournament_17_season_76986,11,14025057
tournament_17_season_76986,11,14025060
tournament_17_season_76986,12,14025066
tournament_17_season_76986,12,14025063
tournament_17_season_76986,12,14025069
tournament_17_season_76986,12,14025072
tournament_17_season_76986,12,14025075
tournament_17_season_76986,12,14025078
tournament_17_season_76986,12,14025081
tournament_17_season_76986,12,14025084
tournament_17_season_76986,12,14025087
tournament_17_season_76986,12,14025090
tournament_17_season_76986,13,14025093
tournament_17_season_76986,13,14025096
tournament_17_season_76986,13,14025099
tournament_17_season_76986,13,14025102
tournament_17_season_76986,13,14025105
tournament_17_season_76986,13,14025108
tournament_17_season_76986,13,14025111
tournament_17_season_76986,13,14025114
tournament_17_season_76986,13,14025117
tournament_17_season_76986,13,14025120
tournament_17_season_76986,14,14025126
tournament_17_season_76986,14,14025123
tournament_17_season_76986,14,14025129
tournament_17_season_76986,14,14025132
tournament_17_season_76986,14,14025135
tournament_17_season_76986,14,14025138
tournament_17_season_76986,14,14025147
tournament_17_season_76986,14,14025150
tournament_17_season_76986,14,14025141
tournament_17_season_76986,14,14025144
tournament_17_season_76986,15,14025156
tournament_17_season_76986,15,14025153
tournament_17_season_76986,15,14025159
tournament_17_season_76986,15,14025162
tournament_17_season_76986,15,14025165
tournament_17_season_76986,15,14025168
tournament_17_season_76986,15,14025171
tournament_17_season_76986,15,14025174
tournament_17_season_76986,15,14025177
tournament_17_season_76986,15,14025180
tournament_17_season_76986,16,14025183
tournament_17_season_76986,16,14025186
tournament_17_season_76986,16,14025189
tournament_17_season_76986,16,14025192
tournament_17_season_76986,16,14025195
tournament_17_season_76986,16,14025198
tournament_17_season_76986,16,14025201
tournament_17_season_76986,16,14025204
tournament_17_season_76986,16,14025207
tournament_17_season_76986,16,14025210
tournament_17_season_76986,17,14025216
tournament_17_season_76986,17,14025213
tournament_17_season_76986,17,14025218
tournament_17_season_76986,17,14025220
tournament_17_season_76986,17,14025222
tournament_17_season_76986,17,14025224
tournament_17_season_76986,17,14025226
tournament_17_season_76986,17,14025228
tournament_17_season_76986,17,14025230
tournament_17_season_76986,17,14025232
tournament_17_season_76986,18,14025234
tournament_17_season_76986,18,14025236
tournament_17_season_76986,18,14025238
tournament_17_season_76986,18,14025240
tournament_17_season_76986,18,14025242
tournament_17_season_76986,18,14025244
tournament_17_season_76986,18,14025246
tournament_17_season_76986,18,14025248
tournament_17_season_76986,18,14025250
tournament_17_season_76986,18,14025252
tournament_17_season_76986,19,14025254
tournament_17_season_76986,19,14025256
tournament_17_season_76986,19,14025258
tournament_17_season_76986,19,14025260
tournament_17_season_76986,19,14025262
tournament_17_season_76986,19,14025264
tournament_17_season_76986,19,14025266
tournament_17_season_76986,19,14025268
tournament_17_season_76986,19,14025270
tournament_17_season_76986,19,14025272
tournament_17_season_76986,20,14025276
tournament_17_season_76986,20,14025274
tournament_17_season_76986,20,14025278
tournament_17_season_76986,20,14025280
tournament_17_season_76986,20,14025282
tournament_17_season_76986,20,14025284
tournament_17_season_76986,20,14025286
tournament_17_season_76986,20,14025288
tournament_17_season_76986,20,14025290
tournament_17_season_76986,20,14025292
tournament_17_season_76986,21,14025019
tournament_17_season_76986,21,14025015
tournament_17_season_76986,21,14025027
tournament_17_season_76986,21,14025037
tournament_17_season_76986,21,14025058
tournament_17_season_76986,21,14025046
tournament_17_season_76986,21,14025049
tournament_17_season_76986,21,14025061
tournament_17_season_76986,21,14025052
tournament_17_season_76986,21,14025055
tournament_17_season_76986,22,14025064
tournament_17_season_76986,22,14025067
tournament_17_season_76986,22,14025070
tournament_17_season_76986,22,14025073
tournament_17_season_76986,22,14025076
tournament_17_season_76986,22,14025079
tournament_17_season_76986,22,14025082
tournament_17_season_76986,22,14025085
tournament_17_season_76986,22,14025089
tournament_17_season_76986,22,14025092
tournament_17_season_76986,23,14025098
tournament_17_season_76986,23,14025095
tournament_17_season_76986,23,14025101
tournament_17_season_76986,23,14025104
tournament_17_season_76986,23,14025107
tournament_17_season_76986,23,14025110
tournament_17_season_76986,23,14025113
tournament_17_season_76986,23,14025116
tournament_17_season_76986,23,14025119
tournament_17_season_76986,23,14025122
tournament_17_season_76986,24,14025125
tournament_17_season_76986,24,14025128
tournament_17_season_76986,24,14025131
tournament_17_season_76986,24,14025134
tournament_17_season_76986,24,14025137
tournament_17_season_76986,24,14025140
tournament_17_season_76986,24,14025143
tournament_17_season_76986,24,14025146
tournament_17_season_76986,24,14025149
tournament_17_season_76986,24,14025152
tournament_17_season_76986,25,14025158
tournament_17_season_76986,25,14025155
tournament_17_season_76986,25,14025161
tournament_17_season_76986,25,14025164
tournament_17_season_76986,25,14025167
tournament_17_season_76986,25,14025170
tournament_17_season_76986,25,14025173
tournament_17_season_76986,25,14025176
tournament_17_season_76986,25,14025179
tournament_17_season_76986,25,14025182
tournament_17_season_76986,26,14025206
tournament_17_season_76986,26,14025185
tournament_17_season_76986,26,14025188
tournament_17_season_76986,26,14025209
tournament_17_season_76986,26,14025191
tournament_17_season_76986,26,14025212
tournament_17_season_76986,26,14025194
tournament_17_season_76986,26,14025197
tournament_17_season_76986,26,14025200
tournament_17_season_76986,26,14025203
tournament_17_season_76986,27,14025215
tournament_17_season_76986,27,14024006
tournament_17_season_76986,27,14024007
tournament_17_season_76986,27,14024008
tournament_17_season_76986,27,14024009
tournament_17_season_76986,27,14024010
tournament_17_season_76986,27,14024013
tournament_17_season_76986,27,14024011
tournament_17_season_76986,27,14024012
tournament_17_season_76986,27,14023969
tournament_17_season_76986,28,14023971
tournament_17_season_76986,28,14023970
tournament_17_season_76986,28,14023972
tournament_17_season_76986,28,14023975
tournament_17_season_76986,28,14023973
tournament_17_season_76986,28,14023974
tournament_17_season_76986,28,14023976
tournament_17_season_76986,28,14023978
tournament_17_season_76986,28,14023977
tournament_17_season_76986,28,14023979
tournament_17_season_76986,29,14023986
tournament_17_season_76986,29,14023980
tournament_17_season_76986,29,14023933
tournament_17_season_76986,29,14023941
tournament_17_season_76986,29,14023947
tournament_17_season_76986,29,14023982
tournament_17_season_76986,29,14023984
tournament_17_season_76986,29,14023983
tournament_17_season_76986,29,14023981
tournament_17_season_76986,29,14023985
tournament_17_season_76986,30,14023987
tournament_17_season_76986,30,14023989
tournament_17_season_76986,30,14023988
tournament_17_season_76986,30,14023990
tournament_17_season_76986,30,14023991
tournament_17_season_76986,30,14023992
tournament_17_season_76986,30,14023994
tournament_17_season_76986,30,14023995
tournament_17_season_76986,30,14023996
tournament_17_season_76986,30,14023993
tournament_17_season_76986,31,14024014
tournament_17_season_76986,31,14023997
tournament_17_season_76986,31,14024015
tournament_17_season_76986,31,14024017
tournament_17_season_76986,31,14024016
tournament_17_season_76986,31,14024018
tournament_17_season_76986,31,14024019
tournament_17_season_76986,31,14024021
tournament_17_season_76986,31,14024020
tournament_17_season_76986,31,14025018
tournament_17_season_76986,32,14025021
tournament_17_season_76986,32,14025022
tournament_17_season_76986,32,14024002
tournament_17_season_76986,32,14023998
tournament_17_season_76986,32,14023999
tournament_17_season_76986,32,14024000
tournament_17_season_76986,32,14025024
tournament_17_season_76986,32,14025025
tournament_17_season_76986,32,14025026
tournament_17_season_76986,32,14025029
tournament_17_season_76986,33,14025030
tournament_17_season_76986,33,14025031
tournament_17_season_76986,33,14025032
tournament_17_season_76986,33,14025034
tournament_17_season_76986,33,14025035
tournament_17_season_76986,33,14025036
tournament_17_season_76986,33,14025039
tournament_17_season_76986,33,14025040
tournament_17_season_76986,33,14025041
tournament_17_season_76986,33,14025042
tournament_17_season_76986,34,14025045
tournament_17_season_76986,34,14025044
tournament_17_season_76986,34,14024001
tournament_17_season_76986,34,14024003
tournament_17_season_76986,34,14024004
tournament_17_season_76986,34,14024005
tournament_17_season_76986,34,14023926
tournament_17_season_76986,34,14023932
tournament_17_season_76986,34,14023934
tournament_17_season_76986,34,14024022
tournament_17_season_76986,35,14023931
tournament_17_season_76986,35,14023927
tournament_17_season_76986,35,14024023
tournament_17_season_76986,35,14023945
tournament_17_season_76986,35,14023925
tournament_17_season_76986,35,14023930
tournament_17_season_76986,35,14023940
tournament_17_season_76986,35,14023939
tournament_17_season_76986,35,14023949
tournament_17_season_76986,35,14023951
tournament_17_season_76986,36,14023935
tournament_17_season_76986,36,14023929
tournament_17_season_76986,36,14023937
tournament_17_season_76986,36,14023948
tournament_17_season_76986,36,14024024
tournament_17_season_76986,36,14023946
tournament_17_season_76986,36,14023943
tournament_17_season_76986,36,14023938
tournament_17_season_76986,36,14023944
tournament_17_season_76986,36,14023942
tournament_17_season_76986,37,14023950
tournament_17_season_76986,37,14023928
tournament_17_season_76986,37,14023936
tournament_17_season_76986,37,14023953
tournament_17_season_76986,37,14023952
tournament_17_season_76986,37,14023955
tournament_17_season_76986,37,14023954
tournament_17_season_76986,37,14023956
tournament_17_season_76986,37,14023957
tournament_17_season_76986,37,14023958
tournament_17_season_76986,38,14023959
tournament_17_season_76986,38,14023960
tournament_17_season_76986,38,14023963
tournament_17_season_76986,38,14023965
tournament_17_season_76986,38,14023962
tournament_17_season_76986,38,14023961
tournament_17_season_76986,38,14023964
tournament_17_season_76986,38,14023966
tournament_17_season_76986,38,14023967
tournament_17_season_76986,38,14023968
tournament_17_season_61627,1,12436870
tournament_17_season_61627,1,12436871
tournament_17_season_61627,1,12436872
tournament_17_season_61627,1,12436873
tournament_17_season_61627,1,12436874
tournament_17_season_61627,1,12436875
tournament_17_season_61627,1,12436877
tournament_17_season_61627,1,12436879
tournament_17_season_61627,1,12436880
tournament_17_season_61627,1,12436881
tournament_17_season_61627,2,12436888
tournament_17_season_61627,2,12436892
tournament_17_season_61627,2,12436894
tournament_17_season_61627,2,12436898
tournament_17_season_61627,2,12436900
tournament_17_season_61627,2,12436902
tournament_17_season_61627,2,12436886
tournament_17_season_61627,2,12436884
tournament_17_season_61627,2,12436904
tournament_17_season_61627,2,12436896
tournament_17_season_61627,3,12436906
tournament_17_season_61627,3,12436908
tournament_17_season_61627,3,12436912
tournament_17_season_61627,3,12436915
tournament_17_season_61627,3,12436918
tournament_17_season_61627,3,12436926
tournament_17_season_61627,3,12436927
tournament_17_season_61627,3,12436910
tournament_17_season_61627,3,12436923
tournament_17_season_61627,3,12436920
tournament_17_season_61627,4,12436949
tournament_17_season_61627,4,12436936
tournament_17_season_61627,4,12436938
tournament_17_season_61627,4,12436941
tournament_17_season_61627,4,12436944
tournament_17_season_61627,4,12436946
tournament_17_season_61627,4,12436933
tournament_17_season_61627,4,12436931
tournament_17_season_61627,4,12436951
tournament_17_season_61627,4,12436954
tournament_17_season_61627,5,12436980
tournament_17_season_61627,5,12436957
tournament_17_season_61627,5,12436964
tournament_17_season_61627,5,12436967
tournament_17_season_61627,5,12436969
tournament_17_season_61627,5,12436973
tournament_17_season_61627,5,12436977
tournament_17_season_61627,5,12436962
tournament_17_season_61627,5,12436959
tournament_17_season_61627,5,12436971
tournament_17_season_61627,6,12436999
tournament_17_season_61627,6,12436985
tournament_17_season_61627,6,12436987
tournament_17_season_61627,6,12436989
tournament_17_season_61627,6,12436992
tournament_17_season_61627,6,12437001
tournament_17_season_61627,6,12437002
tournament_17_season_61627,6,12436993
tournament_17_season_61627,6,12436995
tournament_17_season_61627,6,12436982
tournament_17_season_61627,7,12437015
tournament_17_season_61627,7,12437004
tournament_17_season_61627,7,12437008
tournament_17_season_61627,7,12437020
tournament_17_season_61627,7,12437022
tournament_17_season_61627,7,12437024
tournament_17_season_61627,7,12437018
tournament_17_season_61627,7,12437006
tournament_17_season_61627,7,12437013
tournament_17_season_61627,7,12437011
tournament_17_season_61627,8,12437038
tournament_17_season_61627,8,12437028
tournament_17_season_61627,8,12437034
tournament_17_season_61627,8,12437035
tournament_17_season_61627,8,12437037
tournament_17_season_61627,8,12437030
tournament_17_season_61627,8,12437026
tournament_17_season_61627,8,12437039
tournament_17_season_61627,8,12437032
tournament_17_season_61627,8,12437036
tournament_17_season_61627,9,12437048
tournament_17_season_61627,9,12437041
tournament_17_season_61627,9,12437043
tournament_17_season_61627,9,12437044
tournament_17_season_61627,9,12437049
tournament_17_season_61627,9,12437047
tournament_17_season_61627,9,12437045
tournament_17_season_61627,9,12437046
tournament_17_season_61627,9,12437050
tournament_17_season_61627,9,12437040
tournament_17_season_61627,10,12437056
tournament_17_season_61627,10,12437051
tournament_17_season_61627,10,12437053
tournament_17_season_61627,10,12437054
tournament_17_season_61627,10,12437057
tournament_17_season_61627,10,12437058
tournament_17_season_61627,10,12437060
tournament_17_season_61627,10,12437059
tournament_17_season_61627,10,12437055
tournament_17_season_61627,10,12437052
tournament_17_season_61627,11,12436876
tournament_17_season_61627,11,12436483
tournament_17_season_61627,11,12436486
tournament_17_season_61627,11,12436485
tournament_17_season_61627,11,12436882
tournament_17_season_61627,11,12436484
tournament_17_season_61627,11,12436494
tournament_17_season_61627,11,12436487
tournament_17_season_61627,11,12436492
tournament_17_season_61627,11,12436890
tournament_17_season_61627,12,12436495
tournament_17_season_61627,12,12436489
tournament_17_season_61627,12,12436493
tournament_17_season_61627,12,12436491
tournament_17_season_61627,12,12436488
tournament_17_season_61627,12,12436490
tournament_17_season_61627,12,12436499
tournament_17_season_61627,12,12436506
tournament_17_season_61627,12,12436497
tournament_17_season_61627,12,12436496
tournament_17_season_61627,13,12436501
tournament_17_season_61627,13,12436500
tournament_17_season_61627,13,12436502
tournament_17_season_61627,13,12436503
tournament_17_season_61627,13,12436922
tournament_17_season_61627,13,12436914
tournament_17_season_61627,13,12436498
tournament_17_season_61627,13,12436505
tournament_17_season_61627,13,12436507
tournament_17_season_61627,13,12436504
tournament_17_season_61627,14,12436961
tournament_17_season_61627,14,12436966
tournament_17_season_61627,14,12436947
tournament_17_season_61627,14,12436972
tournament_17_season_61627,14,12436978
tournament_17_season_61627,14,12436984
tournament_17_season_61627,14,12436935
tournament_17_season_61627,14,12436942
tournament_17_season_61627,14,12436955
tournament_17_season_61627,14,13015216
tournament_17_season_61627,15,12436452
tournament_17_season_61627,15,12436990
tournament_17_season_61627,15,12436450
tournament_17_season_61627,15,12436445
tournament_17_season_61627,15,12436449
tournament_17_season_61627,15,12436459
tournament_17_season_61627,15,12436462
tournament_17_season_61627,15,12436444
tournament_17_season_61627,15,12436441
tournament_17_season_61627,15,12436454
tournament_17_season_61627,15,13344418
tournament_17_season_61627,16,12436438
tournament_17_season_61627,16,12436446
tournament_17_season_61627,16,12436460
tournament_17_season_61627,16,12436456
tournament_17_season_61627,16,12436447
tournament_17_season_61627,16,12436457
tournament_17_season_61627,16,12436451
tournament_17_season_61627,16,12436461
tournament_17_season_61627,16,12436458
tournament_17_season_61627,16,12436465
tournament_17_season_61627,17,12436453
tournament_17_season_61627,17,12436463
tournament_17_season_61627,17,12436467
tournament_17_season_61627,17,12436478
tournament_17_season_61627,17,12436464
tournament_17_season_61627,17,12436466
tournament_17_season_61627,17,12436468
tournament_17_season_61627,17,12436469
tournament_17_season_61627,17,12436470
tournament_17_season_61627,17,12436471
tournament_17_season_61627,18,12436481
tournament_17_season_61627,18,12436476
tournament_17_season_61627,18,12436473
tournament_17_season_61627,18,12436477
tournament_17_season_61627,18,12436479
tournament_17_season_61627,18,12436480
tournament_17_season_61627,18,12436482
tournament_17_season_61627,18,12436474
tournament_17_season_61627,18,12436475
tournament_17_season_61627,18,12436472
tournament_17_season_61627,19,12436512
tournament_17_season_61627,19,12436532
tournament_17_season_61627,19,12436517
tournament_17_season_61627,19,12436515
tournament_17_season_61627,19,12436521
tournament_17_season_61627,19,12436513
tournament_17_season_61627,19,12436530
tournament_17_season_61627,19,12436510
tournament_17_season_61627,19,12436522
tournament_17_season_61627,19,12436410
tournament_17_season_61627,20,12436519
tournament_17_season_61627,20,12436523
tournament_17_season_61627,20,12436518
tournament_17_season_61627,20,12436419
tournament_17_season_61627,20,12436508
tournament_17_season_61627,20,12436520
tournament_17_season_61627,20,12436528
tournament_17_season_61627,20,12436525
tournament_17_season_61627,20,12436514
tournament_17_season_61627,20,12436437
tournament_17_season_61627,21,12436436
tournament_17_season_61627,21,12436531
tournament_17_season_61627,21,12436509
tournament_17_season_61627,21,12436526
tournament_17_season_61627,21,12436434
tournament_17_season_61627,21,12436527
tournament_17_season_61627,21,12436529
tournament_17_season_61627,21,12436511
tournament_17_season_61627,21,12436524
tournament_17_season_61627,21,12436516
tournament_17_season_61627,22,12436885
tournament_17_season_61627,22,12436440
tournament_17_season_61627,22,12436442
tournament_17_season_61627,22,12436889
tournament_17_season_61627,22,12436443
tournament_17_season_61627,22,12436448
tournament_17_season_61627,22,12436883
tournament_17_season_61627,22,12436887
tournament_17_season_61627,22,12436439
tournament_17_season_61627,22,12436455
tournament_17_season_61627,23,12436891
tournament_17_season_61627,23,12436895
tournament_17_season_61627,23,12436901
tournament_17_season_61627,23,12436905
tournament_17_season_61627,23,12436909
tournament_17_season_61627,23,12436903
tournament_17_season_61627,23,12436897
tournament_17_season_61627,23,12436907
tournament_17_season_61627,23,12436893
tournament_17_season_61627,23,12436899
tournament_17_season_61627,24,12436930
tournament_17_season_61627,24,12436911
tournament_17_season_61627,24,12436921
tournament_17_season_61627,24,12436924
tournament_17_season_61627,24,12436928
tournament_17_season_61627,24,12436932
tournament_17_season_61627,24,12436916
tournament_17_season_61627,24,12436925
tournament_17_season_61627,24,12436913
tournament_17_season_61627,24,12436919
tournament_17_season_61627,25,12436937
tournament_17_season_61627,25,12436943
tournament_17_season_61627,25,12436934
tournament_17_season_61627,25,12436940
tournament_17_season_61627,25,12436948
tournament_17_season_61627,25,12436950
tournament_17_season_61627,25,12436956
tournament_17_season_61627,25,12436939
tournament_17_season_61627,25,12436945
tournament_17_season_61627,25,12436952
tournament_17_season_61627,26,12436623
tournament_17_season_61627,26,12436625
tournament_17_season_61627,26,12436960
tournament_17_season_61627,26,12436958
tournament_17_season_61627,26,12436624
tournament_17_season_61627,26,12436629
tournament_17_season_61627,26,12436965
tournament_17_season_61627,26,12436621
tournament_17_season_61627,26,12436963
tournament_17_season_61627,26,12436627
tournament_17_season_61627,27,12436970
tournament_17_season_61627,27,12436983
tournament_17_season_61627,27,12436981
tournament_17_season_61627,27,12436986
tournament_17_season_61627,27,12436968
tournament_17_season_61627,27,12436991
tournament_17_season_61627,27,12436974
tournament_17_season_61627,27,12436975
tournament_17_season_61627,27,12436988
tournament_17_season_61627,27,13365051
tournament_17_season_61627,28,12437007
tournament_17_season_61627,28,12436996
tournament_17_season_61627,28,12437000
tournament_17_season_61627,28,12437003
tournament_17_season_61627,28,12436994
tournament_17_season_61627,28,12437012
tournament_17_season_61627,28,12436998
tournament_17_season_61627,28,12437009
tournament_17_season_61627,28,12437005
tournament_17_season_61627,28,12437010
tournament_17_season_61627,29,12437019
tournament_17_season_61627,29,12437021
tournament_17_season_61627,29,12437025
tournament_17_season_61627,29,12437029
tournament_17_season_61627,29,12436578
tournament_17_season_61627,29,12437014
tournament_17_season_61627,29,12437017
tournament_17_season_61627,29,12437023
tournament_17_season_61627,29,12437027
tournament_17_season_61627,29,12437031
tournament_17_season_61627,30,12436580
tournament_17_season_61627,30,12436599
tournament_17_season_61627,30,12436591
tournament_17_season_61627,30,12436576
tournament_17_season_61627,30,12436584
tournament_17_season_61627,30,12436594
tournament_17_season_61627,30,12436600
tournament_17_season_61627,30,12436588
tournament_17_season_61627,30,12436593
tournament_17_season_61627,30,12436587
tournament_17_season_61627,31,12436596
tournament_17_season_61627,31,12436595
tournament_17_season_61627,31,12436601
tournament_17_season_61627,31,12436604
tournament_17_season_61627,31,12436597
tournament_17_season_61627,31,12436589
tournament_17_season_61627,31,12436598
tournament_17_season_61627,31,12436606
tournament_17_season_61627,31,12436602
tournament_17_season_61627,31,13560219
tournament_17_season_61627,32,12436610
tournament_17_season_61627,32,12436607
tournament_17_season_61627,32,12436613
tournament_17_season_61627,32,12436614
tournament_17_season_61627,32,12436608
tournament_17_season_61627,32,12436609
tournament_17_season_61627,32,12436612
tournament_17_season_61627,32,12436617
tournament_17_season_61627,32,12436611
tournament_17_season_61627,32,13560222
tournament_17_season_61627,33,12436619
tournament_17_season_61627,33,12436616
tournament_17_season_61627,33,12436628
tournament_17_season_61627,33,12436554
tournament_17_season_61627,33,12436615
tournament_17_season_61627,33,12436618
tournament_17_season_61627,33,12436620
tournament_17_season_61627,33,12436622
tournament_17_season_61627,33,12436626
tournament_17_season_61627,33,12436537
tournament_17_season_61627,34,12436551
tournament_17_season_61627,34,12436547
tournament_17_season_61627,34,12436550
tournament_17_season_61627,34,12436546
tournament_17_season_61627,34,12436545
tournament_17_season_61627,34,12436539
tournament_17_season_61627,34,12436558
tournament_17_season_61627,34,12436535
tournament_17_season_61627,34,12436544
tournament_17_season_61627,34,12436552
tournament_17_season_61627,35,12436562
tournament_17_season_61627,35,12436553
tournament_17_season_61627,35,12436572
tournament_17_season_61627,35,12436571
tournament_17_season_61627,35,12436543
tournament_17_season_61627,35,12436560
tournament_17_season_61627,35,12436567
tournament_17_season_61627,35,12436565
tournament_17_season_61627,35,12436563
tournament_17_season_61627,35,12436561
tournament_17_season_61627,36,12436566
tournament_17_season_61627,36,12436564
tournament_17_season_61627,36,12436575
tournament_17_season_61627,36,12436581
tournament_17_season_61627,36,12436570
tournament_17_season_61627,36,12436573
tournament_17_season_61627,36,12436569
tournament_17_season_61627,36,12436574
tournament_17_season_61627,36,12436583
tournament_17_season_61627,36,12436568
tournament_17_season_61627,37,12436577
tournament_17_season_61627,37,12436582
tournament_17_season_61627,37,12436579
tournament_17_season_61627,37,12436533
tournament_17_season_61627,37,12436586
tournament_17_season_61627,37,12436534
tournament_17_season_61627,37,12436585
tournament_17_season_61627,37,12436590
tournament_17_season_61627,37,12436592
tournament_17_season_61627,37,13854588
tournament_17_season_61627,38,12436536
tournament_17_season_61627,38,12436559
tournament_17_season_61627,38,12436538
tournament_17_season_61627,38,12436548
tournament_17_season_61627,38,12436540
tournament_17_season_61627,38,12436541
tournament_17_season_61627,38,12436556
tournament_17_season_61627,38,12436549
tournament_17_season_61627,38,12436557
tournament_17_season_61627,38,12436542
tournament_17_season_52186,1,11352303
tournament_17_season_52186,1,11352251
tournament_17_season_52186,1,11352250
tournament_17_season_52186,1,11352252
tournament_17_season_52186,1,11352253
tournament_17_season_52186,1,11352254
tournament_17_season_52186,1,11352255
tournament_17_season_52186,1,11352309
tournament_17_season_52186,1,11352316
tournament_17_season_52186,1,11352327
tournament_17_season_52186,2,11352399
tournament_17_season_52186,2,11352358
tournament_17_season_52186,2,11352367
tournament_17_season_52186,2,11352428
tournament_17_season_52186,2,11352407
tournament_17_season_52186,2,11352389
tournament_17_season_52186,2,11352337
tournament_17_season_52186,2,11352418
tournament_17_season_52186,2,11352346
tournament_17_season_52186,2,11626262
tournament_17_season_52186,3,11352484
tournament_17_season_52186,3,11352437
tournament_17_season_52186,3,11352447
tournament_17_season_52186,3,11352456
tournament_17_season_52186,3,11352495
tournament_17_season_52186,3,11352504
tournament_17_season_52186,3,11352466
tournament_17_season_52186,3,11352475
tournament_17_season_52186,3,11352524
tournament_17_season_52186,3,11352515
tournament_17_season_52186,4,11352590
tournament_17_season_52186,4,11352597
tournament_17_season_52186,4,11352543
tournament_17_season_52186,4,11352561
tournament_17_season_52186,4,11352570
tournament_17_season_52186,4,11352594
tournament_17_season_52186,4,11352551
tournament_17_season_52186,4,11352578
tournament_17_season_52186,4,11352584
tournament_17_season_52186,4,11352534
tournament_17_season_52186,5,11352626
tournament_17_season_52186,5,11352602
tournament_17_season_52186,5,11352608
tournament_17_season_52186,5,11352611
tournament_17_season_52186,5,11352621
tournament_17_season_52186,5,11352625
tournament_17_season_52186,5,11352615
tournament_17_season_52186,5,11352600
tournament_17_season_52186,5,11352605
tournament_17_season_52186,5,11352618
tournament_17_season_52186,6,11352632
tournament_17_season_52186,6,11352634
tournament_17_season_52186,6,11352635
tournament_17_season_52186,6,11352628
tournament_17_season_52186,6,11352630
tournament_17_season_52186,6,11352627
tournament_17_season_52186,6,11352629
tournament_17_season_52186,6,11352631
tournament_17_season_52186,6,11352633
tournament_17_season_52186,6,11352636
tournament_17_season_52186,7,11352638
tournament_17_season_52186,7,11352637
tournament_17_season_52186,7,11352639
tournament_17_season_52186,7,11352641
tournament_17_season_52186,7,11352642
tournament_17_season_52186,7,11352645
tournament_17_season_52186,7,11352646
tournament_17_season_52186,7,11352644
tournament_17_season_52186,7,11352643
tournament_17_season_52186,7,11352640
tournament_17_season_52186,8,11352653
tournament_17_season_52186,8,11352649
tournament_17_season_52186,8,11352651
tournament_17_season_52186,8,11352652
tournament_17_season_52186,8,11352654
tournament_17_season_52186,8,11352650
tournament_17_season_52186,8,11352648
tournament_17_season_52186,8,11352655
tournament_17_season_52186,8,11352656
tournament_17_season_52186,8,11352647
tournament_17_season_52186,9,11352662
tournament_17_season_52186,9,11352657
tournament_17_season_52186,9,11352660
tournament_17_season_52186,9,11352663
tournament_17_season_52186,9,11352664
tournament_17_season_52186,9,11352665
tournament_17_season_52186,9,11352661
tournament_17_season_52186,9,11352666
tournament_17_season_52186,9,11352658
tournament_17_season_52186,9,11352667
tournament_17_season_52186,10,11352673
tournament_17_season_52186,10,11352672
tournament_17_season_52186,10,11352669
tournament_17_season_52186,10,11352668
tournament_17_season_52186,10,11352677
tournament_17_season_52186,10,11352676
tournament_17_season_52186,10,11352670
tournament_17_season_52186,10,11352671
tournament_17_season_52186,10,11352674
tournament_17_season_52186,10,11352675
tournament_17_season_52186,11,11352307
tournament_17_season_52186,11,11352304
tournament_17_season_52186,11,11352305
tournament_17_season_52186,11,11352306
tournament_17_season_52186,11,11352312
tournament_17_season_52186,11,11352320
tournament_17_season_52186,11,11352314
tournament_17_season_52186,11,11352317
tournament_17_season_52186,11,11352310
tournament_17_season_52186,11,11352323
tournament_17_season_52186,12,11352349
tournament_17_season_52186,12,11352353
tournament_17_season_52186,12,11352335
tournament_17_season_52186,12,11352341
tournament_17_season_52186,12,11352350
tournament_17_season_52186,12,11352326
tournament_17_season_52186,12,11352329
tournament_17_season_52186,12,11352339
tournament_17_season_52186,12,11352345
tournament_17_season_52186,12,11352332
tournament_17_season_52186,13,11352373
tournament_17_season_52186,13,11352360
tournament_17_season_52186,13,11352370
tournament_17_season_52186,13,11352375
tournament_17_season_52186,13,11352379
tournament_17_season_52186,13,11352382
tournament_17_season_52186,13,11352356
tournament_17_season_52186,13,11352385
tournament_17_season_52186,13,11352363
tournament_17_season_52186,13,11352366
tournament_17_season_52186,14,11352391
tournament_17_season_52186,14,11352393
tournament_17_season_52186,14,11352396
tournament_17_season_52186,14,11352411
tournament_17_season_52186,14,11352408
tournament_17_season_52186,14,11352388
tournament_17_season_52186,14,11352400
tournament_17_season_52186,14,11352404
tournament_17_season_52186,14,11352414
tournament_17_season_52186,14,11352405
tournament_17_season_52186,15,11352440
tournament_17_season_52186,15,11352430
tournament_17_season_52186,15,11352421
tournament_17_season_52186,15,11352442
tournament_17_season_52186,15,11352426
tournament_17_season_52186,15,11352433
tournament_17_season_52186,15,11352417
tournament_17_season_52186,15,11352445
tournament_17_season_52186,15,11352424
tournament_17_season_52186,15,11777279
tournament_17_season_52186,16,11352455
tournament_17_season_52186,16,11352452
tournament_17_season_52186,16,11352468
tournament_17_season_52186,16,11352471
tournament_17_season_52186,16,11352477
tournament_17_season_52186,16,11352449
tournament_17_season_52186,16,11352459
tournament_17_season_52186,16,11352461
tournament_17_season_52186,16,11352464
tournament_17_season_52186,16,11352473
tournament_17_season_52186,17,11352505
tournament_17_season_52186,17,11352492
tournament_17_season_52186,17,11352498
tournament_17_season_52186,17,11352501
tournament_17_season_52186,17,11352489
tournament_17_season_52186,17,11352483
tournament_17_season_52186,17,11352487
tournament_17_season_52186,17,11352508
tournament_17_season_52186,17,11352496
tournament_17_season_52186,17,11977248
tournament_17_season_52186,18,11352514
tournament_17_season_52186,18,11352511
tournament_17_season_52186,18,11352535
tournament_17_season_52186,18,11352517
tournament_17_season_52186,18,11352522
tournament_17_season_52186,18,11352528
tournament_17_season_52186,18,11352531
tournament_17_season_52186,18,11352520
tournament_17_season_52186,18,11352538
tournament_17_season_52186,18,11971437
tournament_17_season_52186,19,11352566
tournament_17_season_52186,19,11352541
tournament_17_season_52186,19,11352569
tournament_17_season_52186,19,11352554
tournament_17_season_52186,19,11352563
tournament_17_season_52186,19,11352547
tournament_17_season_52186,19,11352557
tournament_17_season_52186,19,11352559
tournament_17_season_52186,19,11777280
tournament_17_season_52186,19,11777281
tournament_17_season_52186,20,11352582
tournament_17_season_52186,20,11352573
tournament_17_season_52186,20,11352576
tournament_17_season_52186,20,11352583
tournament_17_season_52186,20,11352592
tournament_17_season_52186,20,11352586
tournament_17_season_52186,20,11352577
tournament_17_season_52186,20,11352587
tournament_17_season_52186,20,11352580
tournament_17_season_52186,20,11352589
tournament_17_season_52186,21,11352318
tournament_17_season_52186,21,11352321
tournament_17_season_52186,21,11352331
tournament_17_season_52186,21,11352324
tournament_17_season_52186,21,11352328
tournament_17_season_52186,21,11352311
tournament_17_season_52186,21,11352313
tournament_17_season_52186,21,11352334
tournament_17_season_52186,21,11352308
tournament_17_season_52186,21,11352315
tournament_17_season_52186,22,11352348
tournament_17_season_52186,22,11352342
tournament_17_season_52186,22,11352344
tournament_17_season_52186,22,11352361
tournament_17_season_52186,22,11352338
tournament_17_season_52186,22,11352369
tournament_17_season_52186,22,11352351
tournament_17_season_52186,22,11352365
tournament_17_season_52186,22,11352354
tournament_17_season_52186,22,11896302
tournament_17_season_52186,23,11352395
tournament_17_season_52186,23,11352383
tournament_17_season_52186,23,11352386
tournament_17_season_52186,23,11352402
tournament_17_season_52186,23,11352409
tournament_17_season_52186,23,11352372
tournament_17_season_52186,23,11352392
tournament_17_season_52186,23,11352398
tournament_17_season_52186,23,11352376
tournament_17_season_52186,23,11352380
tournament_17_season_52186,24,11352431
tournament_17_season_52186,24,11352419
tournament_17_season_52186,24,11352423
tournament_17_season_52186,24,11352427
tournament_17_season_52186,24,11352439
tournament_17_season_52186,24,11352446
tournament_17_season_52186,24,11352435
tournament_17_season_52186,24,11352443
tournament_17_season_52186,24,11352412
tournament_17_season_52186,24,11352415
tournament_17_season_52186,25,11352450
tournament_17_season_52186,25,11352453
tournament_17_season_52186,25,11352462
tournament_17_season_52186,25,11352474
tournament_17_season_52186,25,11352478
tournament_17_season_52186,25,11352486
tournament_17_season_52186,25,11352469
tournament_17_season_52186,25,11352481
tournament_17_season_52186,25,11352465
tournament_17_season_52186,25,11352458
tournament_17_season_52186,26,11352512
tournament_17_season_52186,26,11352499
tournament_17_season_52186,26,11352502
tournament_17_season_52186,26,11352509
tournament_17_season_52186,26,11352518
tournament_17_season_52186,26,11352490
tournament_17_season_52186,26,11352493
tournament_17_season_52186,26,11352525
tournament_17_season_52186,26,11352521
tournament_17_season_52186,26,12226774
tournament_17_season_52186,27,11352530
tournament_17_season_52186,27,11352537
tournament_17_season_52186,27,11352540
tournament_17_season_52186,27,11352553
tournament_17_season_52186,27,11352556
tournament_17_season_52186,27,11352564
tournament_17_season_52186,27,11352545
tournament_17_season_52186,27,11352533
tournament_17_season_52186,27,11352548
tournament_17_season_52186,27,11352560
tournament_17_season_52186,28,11352591
tournament_17_season_52186,28,11352567
tournament_17_season_52186,28,11352585
tournament_17_season_52186,28,11352595
tournament_17_season_52186,28,11352572
tournament_17_season_52186,28,11352575
tournament_17_season_52186,28,11352579
tournament_17_season_52186,28,11352593
tournament_17_season_52186,28,11352588
tournament_17_season_52186,28,11352581
tournament_17_season_52186,29,11352599
tournament_17_season_52186,29,11352606
tournament_17_season_52186,29,11352604
tournament_17_season_52186,29,11352609
tournament_17_season_52186,29,12190322
tournament_17_season_52186,29,12190332
tournament_17_season_52186,29,12190340
tournament_17_season_52186,29,12190339
tournament_17_season_52186,29,12190336
tournament_17_season_52186,29,12190341
tournament_17_season_52186,30,11352620
tournament_17_season_52186,30,11352612
tournament_17_season_52186,30,11352616
tournament_17_season_52186,30,11352622
tournament_17_season_52186,30,11352623
tournament_17_season_52186,30,11352624
tournament_17_season_52186,30,11352613
tournament_17_season_52186,30,11352614
tournament_17_season_52186,30,11352617
tournament_17_season_52186,30,11352619
tournament_17_season_52186,31,11352343
tournament_17_season_52186,31,11352333
tournament_17_season_52186,31,11352319
tournament_17_season_52186,31,11352330
tournament_17_season_52186,31,11352336
tournament_17_season_52186,31,11352322
tournament_17_season_52186,31,11352325
tournament_17_season_52186,31,11352352
tournament_17_season_52186,31,11352347
tournament_17_season_52186,31,11352340
tournament_17_season_52186,32,11352362
tournament_17_season_52186,32,11352355
tournament_17_season_52186,32,11352364
tournament_17_season_52186,32,11352368
tournament_17_season_52186,32,11352371
tournament_17_season_52186,32,11352384
tournament_17_season_52186,32,11352359
tournament_17_season_52186,32,11352374
tournament_17_season_52186,32,11352378
tournament_17_season_52186,32,11352381
tournament_17_season_52186,33,11352410
tournament_17_season_52186,33,11352394
tournament_17_season_52186,33,11352397
tournament_17_season_52186,33,11352406
tournament_17_season_52186,33,11352413
tournament_17_season_52186,33,11352387
tournament_17_season_52186,33,11352403
tournament_17_season_52186,33,11352416
tournament_17_season_52186,33,11352390
tournament_17_season_52186,33,11352401
tournament_17_season_52186,34,11352434
tournament_17_season_52186,34,11352441
tournament_17_season_52186,34,11352448
tournament_17_season_52186,34,11352429
tournament_17_season_52186,34,11352420
tournament_17_season_52186,34,11352425
tournament_17_season_52186,34,11352432
tournament_17_season_52186,34,12240634
tournament_17_season_52186,34,12240570
tournament_17_season_52186,34,12240571
tournament_17_season_52186,35,11352476
tournament_17_season_52186,35,11352460
tournament_17_season_52186,35,11352463
tournament_17_season_52186,35,11352467
tournament_17_season_52186,35,11352479
tournament_17_season_52186,35,11352457
tournament_17_season_52186,35,11352454
tournament_17_season_52186,35,11352451
tournament_17_season_52186,35,11352472
tournament_17_season_52186,35,11352470
tournament_17_season_52186,36,11352503
tournament_17_season_52186,36,11352482
tournament_17_season_52186,36,11352485
tournament_17_season_52186,36,11352491
tournament_17_season_52186,36,11352510
tournament_17_season_52186,36,11352507
tournament_17_season_52186,36,11352488
tournament_17_season_52186,36,11352494
tournament_17_season_52186,36,11352500
tournament_17_season_52186,36,12226495
tournament_17_season_52186,37,11352529
tournament_17_season_52186,37,11352519
tournament_17_season_52186,37,11352527
tournament_17_season_52186,37,11352536
tournament_17_season_52186,37,11352542
tournament_17_season_52186,37,11352513
tournament_17_season_52186,37,11352516
tournament_17_season_52186,37,11352539
tournament_17_season_52186,37,11352532
tournament_17_season_52186,37,11352523
tournament_17_season_52186,38,11352546
tournament_17_season_52186,38,11352549
tournament_17_season_52186,38,11352552
tournament_17_season_52186,38,11352555
tournament_17_season_52186,38,11352558
tournament_17_season_52186,38,11352562
tournament_17_season_52186,38,11352565
tournament_17_season_52186,38,11352568
tournament_17_season_52186,38,11352571
tournament_17_season_52186,38,11352574
tournament_17_season_41886,1,10385741
tournament_17_season_41886,1,10385502
tournament_17_season_41886,1,10385483
tournament_17_season_41886,1,10385501
tournament_17_season_41886,1,10385498
tournament_17_season_41886,1,10385518
tournament_17_season_41886,1,10385509
tournament_17_season_41886,1,10385491
tournament_17_season_41886,1,10385511
tournament_17_season_41886,1,10385514
tournament_17_season_41886,2,10385503
tournament_17_season_41886,2,10385500
tournament_17_season_41886,2,10385743
tournament_17_season_41886,2,10385530
tournament_17_season_41886,2,10385737
tournament_17_season_41886,2,10385527
tournament_17_season_41886,2,10385510
tournament_17_season_41886,2,10385528
tournament_17_season_41886,2,10385525
tournament_17_season_41886,2,10385740
tournament_17_season_41886,3,10385739
tournament_17_season_41886,3,10385520
tournament_17_season_41886,3,10385537
tournament_17_season_41886,3,10385539
tournament_17_season_41886,3,10385738
tournament_17_season_41886,3,10385519
tournament_17_season_41886,3,10385543
tournament_17_season_41886,3,10385538
tournament_17_season_41886,3,10385532
tournament_17_season_41886,3,10385531
tournament_17_season_41886,4,10385567
tournament_17_season_41886,4,10385556
tournament_17_season_41886,4,10385557
tournament_17_season_41886,4,10385552
tournament_17_season_41886,4,10385547
tournament_17_season_41886,4,10385554
tournament_17_season_41886,4,10385742
tournament_17_season_41886,4,10385563
tournament_17_season_41886,4,10385568
tournament_17_season_41886,4,10385551
tournament_17_season_41886,5,10385588
tournament_17_season_41886,5,10385559
tournament_17_season_41886,5,10385585
tournament_17_season_41886,5,10385758
tournament_17_season_41886,5,10385574
tournament_17_season_41886,5,10385759
tournament_17_season_41886,5,10385590
tournament_17_season_41886,5,10385564
tournament_17_season_41886,5,10385582
tournament_17_season_41886,5,10385573
tournament_17_season_41886,6,10385599
tournament_17_season_41886,6,10385577
tournament_17_season_41886,6,10385757
tournament_17_season_41886,6,10385608
tournament_17_season_41886,6,10385600
tournament_17_season_41886,6,10385744
tournament_17_season_41886,6,10385595
tournament_17_season_41886,6,10385569
tournament_17_season_41886,6,10385576
tournament_17_season_41886,6,10385750
tournament_17_season_41886,7,10385609
tournament_17_season_41886,7,10385591
tournament_17_season_41886,7,10385746
tournament_17_season_41886,7,10385605
tournament_17_season_41886,7,10385747
tournament_17_season_41886,7,10385603
tournament_17_season_41886,7,10385598
tournament_17_season_41886,7,10385618
tournament_17_season_41886,7,10385611
tournament_17_season_41886,7,10385614
tournament_17_season_41886,7,10913240
tournament_17_season_41886,7,10979293
tournament_17_season_41886,7,10913242
tournament_17_season_41886,7,11047751
tournament_17_season_41886,7,11047752
tournament_17_season_41886,7,11055513
tournament_17_season_41886,7,11077408
tournament_17_season_41886,7,11077461
tournament_17_season_41886,7,11077466
tournament_17_season_41886,7,11077467
tournament_17_season_41886,8,10385745
tournament_17_season_41886,8,10385627
tournament_17_season_41886,8,10385639
tournament_17_season_41886,8,10385626
tournament_17_season_41886,8,10385624
tournament_17_season_41886,8,10385641
tournament_17_season_41886,8,10385635
tournament_17_season_41886,8,10385615
tournament_17_season_41886,8,10385623
tournament_17_season_41886,8,10385634
tournament_17_season_41886,8,11007089
tournament_17_season_41886,8,11055512
tournament_17_season_41886,8,11077468
tournament_17_season_41886,9,10385648
tournament_17_season_41886,9,10385748
tournament_17_season_41886,9,10385629
tournament_17_season_41886,9,10385749
tournament_17_season_41886,9,10385659
tournament_17_season_41886,9,10385657
tournament_17_season_41886,9,10385661
tournament_17_season_41886,9,10385656
tournament_17_season_41886,9,10385642
tournament_17_season_41886,9,10385631
tournament_17_season_41886,10,10385649
tournament_17_season_41886,10,10385760
tournament_17_season_41886,10,10385695
tournament_17_season_41886,10,10385689
tournament_17_season_41886,10,10385653
tournament_17_season_41886,10,10385686
tournament_17_season_41886,10,10385687
tournament_17_season_41886,10,10385644
tournament_17_season_41886,10,10385762
tournament_17_season_41886,10,10385761
tournament_17_season_41886,11,10385682
tournament_17_season_41886,11,10385704
tournament_17_season_41886,11,10385696
tournament_17_season_41886,11,10385705
tournament_17_season_41886,11,10385753
tournament_17_season_41886,11,10385680
tournament_17_season_41886,11,10385700
tournament_17_season_41886,11,10385693
tournament_17_season_41886,11,10385692
tournament_17_season_41886,11,10385752
tournament_17_season_41886,12,10385713
tournament_17_season_41886,12,10385707
tournament_17_season_41886,12,10385755
tournament_17_season_41886,12,10385718
tournament_17_season_41886,12,10385729
tournament_17_season_41886,12,10385715
tournament_17_season_41886,12,10385725
tournament_17_season_41886,12,10385708
tournament_17_season_41886,12,10385706
tournament_17_season_41886,12,10913239
tournament_17_season_41886,13,10385728
tournament_17_season_41886,13,10385721
tournament_17_season_41886,13,10385730
tournament_17_season_41886,13,10385751
tournament_17_season_41886,13,10385732
tournament_17_season_41886,13,10385754
tournament_17_season_41886,13,10385368
tournament_17_season_41886,13,10385361
tournament_17_season_41886,13,10385365
tournament_17_season_41886,13,10385359
tournament_17_season_41886,14,10385380
tournament_17_season_41886,14,10385366
tournament_17_season_41886,14,10385367
tournament_17_season_41886,14,10385363
tournament_17_season_41886,14,10385377
tournament_17_season_41886,14,10385362
tournament_17_season_41886,14,10385378
tournament_17_season_41886,14,10385373
tournament_17_season_41886,14,10385364
tournament_17_season_41886,14,10385360
tournament_17_season_41886,15,10385384
tournament_17_season_41886,15,10385385
tournament_17_season_41886,15,10385388
tournament_17_season_41886,15,10385374
tournament_17_season_41886,15,10385390
tournament_17_season_41886,15,10385376
tournament_17_season_41886,15,10385379
tournament_17_season_41886,15,10385371
tournament_17_season_41886,15,10385372
tournament_17_season_41886,15,10385375
tournament_17_season_41886,16,10385383
tournament_17_season_41886,16,10385386
tournament_17_season_41886,16,10385400
tournament_17_season_41886,16,10385382
tournament_17_season_41886,16,10385387
tournament_17_season_41886,16,10385395
tournament_17_season_41886,16,10385381
tournament_17_season_41886,16,10385393
tournament_17_season_41886,16,10385389
tournament_17_season_41886,16,10385399
tournament_17_season_41886,17,10385397
tournament_17_season_41886,17,10385394
tournament_17_season_41886,17,10385391
tournament_17_season_41886,17,10385406
tournament_17_season_41886,17,10385404
tournament_17_season_41886,17,10385398
tournament_17_season_41886,17,10385396
tournament_17_season_41886,17,10385392
tournament_17_season_41886,17,10385401
tournament_17_season_41886,17,10385403
tournament_17_season_41886,18,10385402
tournament_17_season_41886,18,10385405
tournament_17_season_41886,18,10385408
tournament_17_season_41886,18,10385410
tournament_17_season_41886,18,10385407
tournament_17_season_41886,18,10385418
tournament_17_season_41886,18,10385413
tournament_17_season_41886,18,10385409
tournament_17_season_41886,18,10385414
tournament_17_season_41886,18,10385412
tournament_17_season_41886,19,10385428
tournament_17_season_41886,19,10385416
tournament_17_season_41886,19,10385421
tournament_17_season_41886,19,10385419
tournament_17_season_41886,19,10385415
tournament_17_season_41886,19,10385411
tournament_17_season_41886,19,10385417
tournament_17_season_41886,19,10385420
tournament_17_season_41886,19,10385424
tournament_17_season_41886,19,10385429
tournament_17_season_41886,20,10385423
tournament_17_season_41886,20,10385426
tournament_17_season_41886,20,10385436
tournament_17_season_41886,20,10385422
tournament_17_season_41886,20,10385425
tournament_17_season_41886,20,10385438
tournament_17_season_41886,20,10385439
tournament_17_season_41886,20,10385435
tournament_17_season_41886,20,10385427
tournament_17_season_41886,20,10385433
tournament_17_season_41886,21,10385443
tournament_17_season_41886,21,10385431
tournament_17_season_41886,21,10385434
tournament_17_season_41886,21,10385449
tournament_17_season_41886,21,10385444
tournament_17_season_41886,21,10385430
tournament_17_season_41886,21,10385432
tournament_17_season_41886,21,10385445
tournament_17_season_41886,21,10652685
tournament_17_season_41886,21,10385437
tournament_17_season_41886,22,10385441
tournament_17_season_41886,22,10385450
tournament_17_season_41886,22,10385448
tournament_17_season_41886,22,10385446
tournament_17_season_41886,22,10385440
tournament_17_season_41886,22,10688772
tournament_17_season_41886,22,10385454
tournament_17_season_41886,22,10385458
tournament_17_season_41886,22,10385459
tournament_17_season_41886,22,10385442
tournament_17_season_41886,23,10385467
tournament_17_season_41886,23,10385451
tournament_17_season_41886,23,10385468
tournament_17_season_41886,23,10385461
tournament_17_season_41886,23,10385466
tournament_17_season_41886,23,10385457
tournament_17_season_41886,23,10385460
tournament_17_season_41886,23,10385464
tournament_17_season_41886,23,10385452
tournament_17_season_41886,23,10385456
tournament_17_season_41886,24,10385462
tournament_17_season_41886,24,10385474
tournament_17_season_41886,24,10385475
tournament_17_season_41886,24,10385472
tournament_17_season_41886,24,10385463
tournament_17_season_41886,24,10385465
tournament_17_season_41886,24,10385479
tournament_17_season_41886,24,10385470
tournament_17_season_41886,24,10652688
tournament_17_season_41886,24,10385477
tournament_17_season_41886,25,10385473
tournament_17_season_41886,25,10385489
tournament_17_season_41886,25,10385471
tournament_17_season_41886,25,10385478
tournament_17_season_41886,25,10385480
tournament_17_season_41886,25,10385482
tournament_17_season_41886,25,10385476
tournament_17_season_41886,25,10385486
tournament_17_season_41886,25,10652689
tournament_17_season_41886,25,10385488
tournament_17_season_41886,25,11077474
tournament_17_season_41886,25,11227333
tournament_17_season_41886,26,10517280
tournament_17_season_41886,26,10385490
tournament_17_season_41886,26,10385485
tournament_17_season_41886,26,10385481
tournament_17_season_41886,26,10385487
tournament_17_season_41886,26,10385495
tournament_17_season_41886,26,10385492
tournament_17_season_41886,26,10385496
tournament_17_season_41886,26,10385507
tournament_17_season_41886,26,10652686
tournament_17_season_41886,26,11014934
tournament_17_season_41886,27,10385494
tournament_17_season_41886,27,10385516
tournament_17_season_41886,27,10385515
tournament_17_season_41886,27,10385513
tournament_17_season_41886,27,10385504
tournament_17_season_41886,27,10385499
tournament_17_season_41886,27,10385512
tournament_17_season_41886,27,10652679
tournament_17_season_41886,27,10385517
tournament_17_season_41886,27,10385505
tournament_17_season_41886,28,10385521
tournament_17_season_41886,28,10385536
tournament_17_season_41886,28,10385529
tournament_17_season_41886,28,10385524
tournament_17_season_41886,28,10385544
tournament_17_season_41886,28,10385540
tournament_17_season_41886,28,10385526
tournament_17_season_41886,28,10385522
tournament_17_season_41886,28,10385533
tournament_17_season_41886,28,10385523
tournament_17_season_41886,28,11157124
tournament_17_season_41886,28,11157238
tournament_17_season_41886,28,11157237
tournament_17_season_41886,29,10385561
tournament_17_season_41886,29,10385553
tournament_17_season_41886,29,10385541
tournament_17_season_41886,29,10385534
tournament_17_season_41886,29,10385545
tournament_17_season_41886,29,10385560
tournament_17_season_41886,29,10385535
tournament_17_season_41886,29,10385555
tournament_17_season_41886,29,10385558
tournament_17_season_41886,29,10385542
tournament_17_season_41886,30,10385578
tournament_17_season_41886,30,10385549
tournament_17_season_41886,30,10385548
tournament_17_season_41886,30,10385550
tournament_17_season_41886,30,10385570
tournament_17_season_41886,30,10385562
tournament_17_season_41886,30,10385571
tournament_17_season_41886,30,10385580
tournament_17_season_41886,30,10385546
tournament_17_season_41886,30,10385572
tournament_17_season_41886,31,10385566
tournament_17_season_41886,31,10385565
tournament_17_season_41886,31,10385583
tournament_17_season_41886,31,10385581
tournament_17_season_41886,31,10385589
tournament_17_season_41886,31,10385575
tournament_17_season_41886,31,10385586
tournament_17_season_41886,31,10385579
tournament_17_season_41886,31,10385587
tournament_17_season_41886,31,10385584
tournament_17_season_41886,32,10385607
tournament_17_season_41886,32,10385592
tournament_17_season_41886,32,10385601
tournament_17_season_41886,32,10385594
tournament_17_season_41886,32,10385593
tournament_17_season_41886,32,10385597
tournament_17_season_41886,32,10385617
tournament_17_season_41886,32,10385596
tournament_17_season_41886,32,10385610
tournament_17_season_41886,32,10385606
tournament_17_season_41886,32,11230172
tournament_17_season_41886,32,11230171
tournament_17_season_41886,33,10385613
tournament_17_season_41886,33,10385630
tournament_17_season_41886,33,10385621
tournament_17_season_41886,33,10385602
tournament_17_season_41886,33,10385633
tournament_17_season_41886,33,10385616
tournament_17_season_41886,33,10385636
tournament_17_season_41886,33,10385612
tournament_17_season_41886,33,10385628
tournament_17_season_41886,33,10385604
tournament_17_season_41886,34,10385640
tournament_17_season_41886,34,10385619
tournament_17_season_41886,34,10385622
tournament_17_season_41886,34,10385625
tournament_17_season_41886,34,10385638
tournament_17_season_41886,34,10385632
tournament_17_season_41886,34,10385645
tournament_17_season_41886,34,10385647
tournament_17_season_41886,34,10385652
tournament_17_season_41886,34,11205391
tournament_17_season_41886,35,10385637
tournament_17_season_41886,35,10385655
tournament_17_season_41886,35,10385651
tournament_17_season_41886,35,10385662
tournament_17_season_41886,35,10385654
tournament_17_season_41886,35,10385658
tournament_17_season_41886,35,10385646
tournament_17_season_41886,35,10385660
tournament_17_season_41886,35,11155330
tournament_17_season_41886,35,10385650
tournament_17_season_41886,36,10385683
tournament_17_season_41886,36,10385694
tournament_17_season_41886,36,10385697
tournament_17_season_41886,36,10385681
tournament_17_season_41886,36,10385702
tournament_17_season_41886,36,10385698
tournament_17_season_41886,36,10385688
tournament_17_season_41886,36,10385685
tournament_17_season_41886,36,10385684
tournament_17_season_41886,36,11196472
tournament_17_season_41886,37,10385723
tournament_17_season_41886,37,10385703
tournament_17_season_41886,37,10385691
tournament_17_season_41886,37,10385690
tournament_17_season_41886,37,10385701
tournament_17_season_41886,37,10385716
tournament_17_season_41886,37,10385719
tournament_17_season_41886,37,10385722
tournament_17_season_41886,37,10385714
tournament_17_season_41886,37,10385699
tournament_17_season_41886,37,11227334
tournament_17_season_41886,38,10385712
tournament_17_season_41886,38,10385710
tournament_17_season_41886,38,10385711
tournament_17_season_41886,38,10385709
tournament_17_season_41886,38,10385727
tournament_17_season_41886,38,10385724
tournament_17_season_41886,38,10385726
tournament_17_season_41886,38,10385733
tournament_17_season_41886,38,10385717
tournament_17_season_41886,38,10385731
tournament_17_season_37036,1,9576151
tournament_17_season_37036,1,9576081
tournament_17_season_37036,1,9576162
tournament_17_season_37036,1,9576259
tournament_17_season_37036,1,9576149
tournament_17_season_37036,1,9576403
tournament_17_season_37036,1,9576160
tournament_17_season_37036,1,9576193
tournament_17_season_37036,1,9576414
tournament_17_season_37036,1,9576188
tournament_17_season_37036,2,9576069
tournament_17_season_37036,2,9576209
tournament_17_season_37036,2,9576143
tournament_17_season_37036,2,9576170
tournament_17_season_37036,2,9576187
tournament_17_season_37036,2,9576184
tournament_17_season_37036,2,9576076
tournament_17_season_37036,2,9576150
tournament_17_season_37036,2,9576412
tournament_17_season_37036,2,9576389
tournament_17_season_37036,3,9576260
tournament_17_season_37036,3,9576152
tournament_17_season_37036,3,9576147
tournament_17_season_37036,3,9576383
tournament_17_season_37036,3,9576240
tournament_17_season_37036,3,9576386
tournament_17_season_37036,3,9576148
tournament_17_season_37036,3,9576190
tournament_17_season_37036,3,9576132
tournament_17_season_37036,3,9576382
tournament_17_season_37036,4,9576085
tournament_17_season_37036,4,9576408
tournament_17_season_37036,4,9576087
tournament_17_season_37036,4,9576165
tournament_17_season_37036,4,9576135
tournament_17_season_37036,4,9576173
tournament_17_season_37036,4,9576166
tournament_17_season_37036,4,9576168
tournament_17_season_37036,4,9576077
tournament_17_season_37036,4,9576114
tournament_17_season_37036,5,9576075
tournament_17_season_37036,5,9576397
tournament_17_season_37036,5,9576406
tournament_17_season_37036,5,9576156
tournament_17_season_37036,5,9576080
tournament_17_season_37036,5,9576189
tournament_17_season_37036,5,9576229
tournament_17_season_37036,5,9576398
tournament_17_season_37036,5,9576251
tournament_17_season_37036,5,9576161
tournament_17_season_37036,6,9576243
tournament_17_season_37036,6,9576159
tournament_17_season_37036,6,9576417
tournament_17_season_37036,6,9576145
tournament_17_season_37036,6,9576195
tournament_17_season_37036,6,9576154
tournament_17_season_37036,6,9576163
tournament_17_season_37036,6,9576116
tournament_17_season_37036,6,9576157
tournament_17_season_37036,6,9576384
tournament_17_season_37036,7,9576409
tournament_17_season_37036,7,9576411
tournament_17_season_37036,7,9576127
tournament_17_season_37036,7,9576371
tournament_17_season_37036,7,9576478
tournament_17_season_37036,7,9576124
tournament_17_season_37036,7,9576219
tournament_17_season_37036,7,9576442
tournament_17_season_37036,7,9576376
tournament_17_season_37036,7,9576109
tournament_17_season_37036,8,9576185
tournament_17_season_37036,8,9576394
tournament_17_season_37036,8,9576368
tournament_17_season_37036,8,9576230
tournament_17_season_37036,8,9576177
tournament_17_season_37036,8,9576136
tournament_17_season_37036,8,9576374
tournament_17_season_37036,8,9576391
tournament_17_season_37036,8,9576480
tournament_17_season_37036,8,9576126
tournament_17_season_37036,9,9576120
tournament_17_season_37036,9,9576385
tournament_17_season_37036,9,9576479
tournament_17_season_37036,9,9576422
tournament_17_season_37036,9,9576121
tournament_17_season_37036,9,9576115
tournament_17_season_37036,9,9576113
tournament_17_season_37036,9,9576373
tournament_17_season_37036,9,9576232
tournament_17_season_37036,9,9576117
tournament_17_season_37036,10,9576470
tournament_17_season_37036,10,9576098
tournament_17_season_37036,10,9576186
tournament_17_season_37036,10,9576423
tournament_17_season_37036,10,9576072
tournament_17_season_37036,10,9576183
tournament_17_season_37036,10,9576169
tournament_17_season_37036,10,9576140
tournament_17_season_37036,10,9576070
tournament_17_season_37036,10,9576134
tournament_17_season_37036,11,9576130
tournament_17_season_37036,11,9576129
tournament_17_season_37036,11,9576216
tournament_17_season_37036,11,9576137
tournament_17_season_37036,11,9576401
tournament_17_season_37036,11,9576153
tournament_17_season_37036,11,9576180
tournament_17_season_37036,11,9576141
tournament_17_season_37036,11,9576125
tournament_17_season_37036,11,9576419
tournament_17_season_37036,12,9576217
tournament_17_season_37036,12,9576068
tournament_17_season_37036,12,9576399
tournament_17_season_37036,12,9576133
tournament_17_season_37036,12,9576067
tournament_17_season_37036,12,9576214
tournament_17_season_37036,12,9576264
tournament_17_season_37036,12,9576276
tournament_17_season_37036,12,9576142
tournament_17_season_37036,12,9576106
tournament_17_season_37036,13,9576128
tournament_17_season_37036,13,9576082
tournament_17_season_37036,13,9576204
tournament_17_season_37036,13,9576084
tournament_17_season_37036,13,9576090
tournament_17_season_37036,13,9576071
tournament_17_season_37036,13,9576083
tournament_17_season_37036,13,9576167
tournament_17_season_37036,13,9576424
tournament_17_season_37036,13,9576155
tournament_17_season_37036,13,10114687
tournament_17_season_37036,14,9576099
tournament_17_season_37036,14,9576178
tournament_17_season_37036,14,9576402
tournament_17_season_37036,14,9576088
tournament_17_season_37036,14,9576206
tournament_17_season_37036,14,9576175
tournament_17_season_37036,14,9576400
tournament_17_season_37036,14,9576367
tournament_17_season_37036,14,9576207
tournament_17_season_37036,14,9576372
tournament_17_season_37036,15,9576375
tournament_17_season_37036,15,9576095
tournament_17_season_37036,15,9576079
tournament_17_season_37036,15,9576369
tournament_17_season_37036,15,9576089
tournament_17_season_37036,15,9576122
tournament_17_season_37036,15,9576379
tournament_17_season_37036,15,9576255
tournament_17_season_37036,15,9576270
tournament_17_season_37036,15,9576078
tournament_17_season_37036,16,9576380
tournament_17_season_37036,16,9576111
tournament_17_season_37036,16,9576086
tournament_17_season_37036,16,9576139
tournament_17_season_37036,16,9576107
tournament_17_season_37036,16,9576179
tournament_17_season_37036,16,9576176
tournament_17_season_37036,16,9576203
tournament_17_season_37036,16,9576469
tournament_17_season_37036,16,9576405
tournament_17_season_37036,16,10144879
tournament_17_season_37036,17,9576247
tournament_17_season_37036,17,9576413
tournament_17_season_37036,17,9576407
tournament_17_season_37036,17,9576104
tournament_17_season_37036,17,9576108
tournament_17_season_37036,17,9576105
tournament_17_season_37036,17,9576377
tournament_17_season_37036,17,9576110
tournament_17_season_37036,17,9576237
tournament_17_season_37036,17,9576393
tournament_17_season_37036,17,10054000
tournament_17_season_37036,17,10065225
tournament_17_season_37036,17,10054009
tournament_17_season_37036,17,10085333
tournament_17_season_37036,18,9576410
tournament_17_season_37036,18,9576091
tournament_17_season_37036,18,9576097
tournament_17_season_37036,18,9576158
tournament_17_season_37036,18,9576094
tournament_17_season_37036,18,9576378
tournament_17_season_37036,18,9576181
tournament_17_season_37036,18,9576096
tournament_17_season_37036,18,9576254
tournament_17_season_37036,18,9576093
tournament_17_season_37036,18,10045752
tournament_17_season_37036,18,10045753
tournament_17_season_37036,18,10045754
tournament_17_season_37036,18,10098608
tournament_17_season_37036,18,10114688
tournament_17_season_37036,18,10196711
tournament_17_season_37036,18,10236823
tournament_17_season_37036,19,9576146
tournament_17_season_37036,19,9576172
tournament_17_season_37036,19,9576370
tournament_17_season_37036,19,9576366
tournament_17_season_37036,19,9576286
tournament_17_season_37036,19,9576387
tournament_17_season_37036,19,9576092
tournament_17_season_37036,19,9576381
tournament_17_season_37036,19,9576390
tournament_17_season_37036,19,9576182
tournament_17_season_37036,19,10114693
tournament_17_season_37036,19,10144893
tournament_17_season_37036,19,10196719
tournament_17_season_37036,20,9576118
tournament_17_season_37036,20,9576221
tournament_17_season_37036,20,9576191
tournament_17_season_37036,20,9576225
tournament_17_season_37036,20,9576196
tournament_17_season_37036,20,9576144
tournament_17_season_37036,20,9576395
tournament_17_season_37036,20,9576192
tournament_17_season_37036,20,9576194
tournament_17_season_37036,20,9576112
tournament_17_season_37036,20,10114694
tournament_17_season_37036,20,10144887
tournament_17_season_37036,20,10144888
tournament_17_season_37036,21,9576271
tournament_17_season_37036,21,9576416
tournament_17_season_37036,21,9576171
tournament_17_season_37036,21,9576415
tournament_17_season_37036,21,9576103
tournament_17_season_37036,21,9576446
tournament_17_season_37036,21,9576174
tournament_17_season_37036,21,9576396
tournament_17_season_37036,21,9576392
tournament_17_season_37036,21,9576123
tournament_17_season_37036,21,10144889
tournament_17_season_37036,21,10236824
tournament_17_season_37036,22,9576268
tournament_17_season_37036,22,9576278
tournament_17_season_37036,22,9576427
tournament_17_season_37036,22,9576349
tournament_17_season_37036,22,9576350
tournament_17_season_37036,22,9576316
tournament_17_season_37036,22,9576274
tournament_17_season_37036,22,9576342
tournament_17_season_37036,22,9576361
tournament_17_season_37036,22,9576450
tournament_17_season_37036,22,10131311
tournament_17_season_37036,22,10236815
tournament_17_season_37036,23,9576363
tournament_17_season_37036,23,9576324
tournament_17_season_37036,23,9576451
tournament_17_season_37036,23,9576440
tournament_17_season_37036,23,9576333
tournament_17_season_37036,23,9576439
tournament_17_season_37036,23,9576297
tournament_17_season_37036,23,9576332
tournament_17_season_37036,23,9576339
tournament_17_season_37036,23,9576334
tournament_17_season_37036,24,9576438
tournament_17_season_37036,24,9576323
tournament_17_season_37036,24,9576351
tournament_17_season_37036,24,9576359
tournament_17_season_37036,24,9576326
tournament_17_season_37036,24,9576345
tournament_17_season_37036,24,9576317
tournament_17_season_37036,24,9576341
tournament_17_season_37036,24,9576289
tournament_17_season_37036,24,9576290
tournament_17_season_37036,25,9576432
tournament_17_season_37036,25,9576314
tournament_17_season_37036,25,9576329
tournament_17_season_37036,25,9576319
tournament_17_season_37036,25,9576449
tournament_17_season_37036,25,9576309
tournament_17_season_37036,25,9576300
tournament_17_season_37036,25,9576463
tournament_17_season_37036,25,9576295
tournament_17_season_37036,25,9576305
tournament_17_season_37036,25,10196712
tournament_17_season_37036,26,9576222
tournament_17_season_37036,26,9576227
tournament_17_season_37036,26,9576420
tournament_17_season_37036,26,9576210
tournament_17_season_37036,26,9576211
tournament_17_season_37036,26,9576421
tournament_17_season_37036,26,9576226
tournament_17_season_37036,26,9576459
tournament_17_season_37036,26,9576301
tournament_17_season_37036,26,9576223
tournament_17_season_37036,27,9576208
tournament_17_season_37036,27,9576445
tournament_17_season_37036,27,9576224
tournament_17_season_37036,27,9576307
tournament_17_season_37036,27,9576228
tournament_17_season_37036,27,9576199
tournament_17_season_37036,27,9576460
tournament_17_season_37036,27,9576231
tournament_17_season_37036,27,9576233
tournament_17_season_37036,27,9576201
tournament_17_season_37036,27,10144875
tournament_17_season_37036,27,10236816
tournament_17_season_37036,28,9576287
tournament_17_season_37036,28,9576200
tournament_17_season_37036,28,9576418
tournament_17_season_37036,28,9576213
tournament_17_season_37036,28,9576202
tournament_17_season_37036,28,9576288
tournament_17_season_37036,28,9576292
tournament_17_season_37036,28,9576302
tournament_17_season_37036,28,9576215
tournament_17_season_37036,28,9576205
tournament_17_season_37036,29,9576337
tournament_17_season_37036,29,9576448
tournament_17_season_37036,29,9576426
tournament_17_season_37036,29,9576253
tournament_17_season_37036,29,9576252
tournament_17_season_37036,29,9576249
tournament_17_season_37036,29,9576325
tournament_17_season_37036,29,9576444
tournament_17_season_37036,29,9576212
tournament_17_season_37036,29,9576250
tournament_17_season_37036,30,9576461
tournament_17_season_37036,30,9576425
tournament_17_season_37036,30,9576261
tournament_17_season_37036,30,9576328
tournament_17_season_37036,30,9576257
tournament_17_season_37036,30,9576246
tournament_17_season_37036,30,9576256
tournament_17_season_37036,30,9576248
tournament_17_season_37036,30,9576235
tournament_17_season_37036,30,9576338
tournament_17_season_37036,30,10196718
tournament_17_season_37036,30,10196717
tournament_17_season_37036,30,10196714
tournament_17_season_37036,30,10196713
tournament_17_season_37036,30,10236818
tournament_17_season_37036,31,9576236
tournament_17_season_37036,31,9576320
tournament_17_season_37036,31,9576306
tournament_17_season_37036,31,9576238
tournament_17_season_37036,31,9576234
tournament_17_season_37036,31,9576447
tournament_17_season_37036,31,9576327
tournament_17_season_37036,31,9576239
tournament_17_season_37036,31,9576315
tournament_17_season_37036,31,9576241
tournament_17_season_37036,32,9576280
tournament_17_season_37036,32,9576242
tournament_17_season_37036,32,9576245
tournament_17_season_37036,32,9576284
tournament_17_season_37036,32,9576285
tournament_17_season_37036,32,9576431
tournament_17_season_37036,32,9576244
tournament_17_season_37036,32,9576452
tournament_17_season_37036,32,9576281
tournament_17_season_37036,32,9576282
tournament_17_season_37036,33,9576304
tournament_17_season_37036,33,9576346
tournament_17_season_37036,33,9576291
tournament_17_season_37036,33,9576435
tournament_17_season_37036,33,9576296
tournament_17_season_37036,33,9576347
tournament_17_season_37036,33,9576294
tournament_17_season_37036,33,9576279
tournament_17_season_37036,33,9576303
tournament_17_season_37036,33,9576348
tournament_17_season_37036,33,10236821
tournament_17_season_37036,33,10236820
tournament_17_season_37036,33,10277713
tournament_17_season_37036,33,10236819
tournament_17_season_37036,34,9576258
tournament_17_season_37036,34,9576267
tournament_17_season_37036,34,9576277
tournament_17_season_37036,34,9576273
tournament_17_season_37036,34,9576263
tournament_17_season_37036,34,9576428
tournament_17_season_37036,34,9576262
tournament_17_season_37036,34,9576443
tournament_17_season_37036,34,9576266
tournament_17_season_37036,34,9576265
tournament_17_season_37036,35,9576434
tournament_17_season_37036,35,9576269
tournament_17_season_37036,35,9576275
tournament_17_season_37036,35,9576358
tournament_17_season_37036,35,9576318
tournament_17_season_37036,35,9576272
tournament_17_season_37036,35,9576335
tournament_17_season_37036,35,9576360
tournament_17_season_37036,35,9576429
tournament_17_season_37036,35,9576283
tournament_17_season_37036,36,9576330
tournament_17_season_37036,36,9576321
tournament_17_season_37036,36,9576343
tournament_17_season_37036,36,9576336
tournament_17_season_37036,36,9576322
tournament_17_season_37036,36,9576357
tournament_17_season_37036,36,9576454
tournament_17_season_37036,36,9576331
tournament_17_season_37036,36,9576344
tournament_17_season_37036,36,9576340
tournament_17_season_37036,37,9576293
tournament_17_season_37036,37,9576298
tournament_17_season_37036,37,9576362
tournament_17_season_37036,37,9576453
tournament_17_season_37036,37,9576433
tournament_17_season_37036,37,9576310
tournament_17_season_37036,37,9576462
tournament_17_season_37036,37,9576464
tournament_17_season_37036,37,9576356
tournament_17_season_37036,37,9576430
tournament_17_season_37036,38,9576311
tournament_17_season_37036,38,9576312
tournament_17_season_37036,38,9576354
tournament_17_season_37036,38,9576353
tournament_17_season_37036,38,9576308
tournament_17_season_37036,38,9576352
tournament_17_season_37036,38,9576355
tournament_17_season_37036,38,9576299
tournament_17_season_37036,38,9576220
tournament_17_season_37036,38,9576218
